,iso2,new_sp,new_sp_m04,new_sp_m514,new_sp_m014,new_sp_m1524,new_sp_m2534,new_sp_m3544,new_sp_m4554,new_sp_m5564,new_sp_m65,new_sp_mu,new_sp_f04,new_sp_f514,new_sp_f014,new_sp_f1524,new_sp_f2534,new_sp_f3544,new_sp_f4554,new_sp_f5564,new_sp_f65,new_sp_fu
0,0,58499.0,0.0,0.0,465.0,4056.0,12594.0,9285.0,4285.0,2018.0,1471.0,0.0,0.0,0.0,592.0,4907.0,9021.0,5573.0,2288.0,1139.0,887.0,0.0
1,AD,103.0,0.0,0.0,0.0,1.0,4.0,16.0,9.0,2.0,7.0,0.0,0.0,0.0,0.0,5.0,8.0,7.0,3.0,1.0,1.0,0.0
2,AE,584.0,0.0,2.0,12.0,48.0,31.0,50.0,33.0,38.0,52.0,0.0,0.0,3.0,25.0,69.0,35.0,28.0,15.0,24.0,22.0,0.0
3,AF,81709.0,0.0,0.0,1292.0,5565.0,5170.0,3763.0,3482.0,3537.0,2845.0,0.0,0.0,0.0,2672.0,13479.0,15272.0,10223.0,6556.0,4091.0,2058.0,0.0
4,AG,23.0,0.0,0.0,0.0,0.0,2.0,1.0,4.0,1.0,1.0,0.0,0.0,0.0,3.0,4.0,4.0,1.0,0.0,0.0,0.0,0.0
5,AI,0.0,0.0,0.0,0.0,0.0,0.0,0.0,0.0,0.0,0.0,0.0,0.0,0.0,0.0,0.0,0.0,1.0,0.0,0.0,0.0,0.0
6,AL,2879.0,2.0,4.0,17.0,238.0,270.0,262.0,278.0,277.0,290.0,0.0,0.0,5.0,18.0,157.0,138.0,100.0,110.0,119.0,182.0,0.0
7,AM,7559.0,1.0,3.0,34.0,1534.0,1246.0,1170.0,956.0,405.0,217.0,0.0,0.0,12.0,30.0,332.0,302.0,209.0,155.0,92.0,59.0,0.0
8,AN,51.0,0.0,0.0,1.0,2.0,7.0,18.0,8.0,7.0,11.0,0.0,0.0,1.0,1.0,3.0,6.0,7.0,3.0,4.0,2.0,0.0
9,AO,208217.0,0.0,0.0,5521.0,24850.0,26541.0,20158.0,12052.0,6296.0,4012.0,0.0,0.0,0.0,7044.0,28159.0,25202.0,17245.0,10331.0,5099.0,3002.0,0.0
10,AR,83290.0,44.0,169.0,1058.0,7422.0,7471.0,5440.0,5486.0,4716.0,4632.0,30.0,37.0,173.0,1262.0,7206.0,6569.0,3881.0,3245.0,2732.0,3313.0,8.0
11,AS,31.0,0.0,0.0,1.0,0.0,0.0,1.0,2.0,6.0,1.0,0.0,0.0,0.0,0.0,0.0,2.0,1.0,8.0,1.0,0.0,0.0
12,AT,3974.0,1.0,2.0,35.0,240.0,436.0,596.0,607.0,414.0,523.0,0.0,2.0,2.0,47.0,157.0,286.0,198.0,128.0,108.0,390.0,0.0
13,AU,3448.0,1.0,4.0,12.0,259.0,315.0,264.0,239.0,195.0,440.0,0.0,1.0,5.0,14.0,194.0,274.0,152.0,94.0,71.0,213.0,0.0
14,AZ,17033.0,3.0,80.0,103.0,1440.0,2356.0,2089.0,1176.0,695.0,259.0,0.0,2.0,90.0,113.0,436.0,650.0,662.0,298.0,150.0,92.0,0.0
15,BA,9936.0,0.0,1.0,32.0,476.0,816.0,1018.0,994.0,751.0,985.0,3.0,0.0,5.0,45.0,473.0,586.0,449.0,344.0,509.0,1154.0,2.0
16,BB,63.0,0.0,0.0,0.0,3.0,7.0,5.0,13.0,1.0,6.0,0.0,0.0,0.0,1.0,1.0,3.0,2.0,6.0,0.0,2.0,0.0
17,BD,819444.0,0.0,0.0,4592.0,73265.0,100381.0,105969.0,97324.0,75179.0,64195.0,0.0,0.0,0.0,7149.0,59637.0,61677.0,46268.0,32978.0,18777.0,10617.0,0.0
18,BE,6339.0,7.0,3.0,41.0,322.0,665.0,621.0,585.0,400.0,861.0,0.0,9.0,6.0,59.0,228.0,363.0,290.0,155.0,120.0,300.0,0.0
19,BF,25416.0,2.0,6.0,123.0,1857.0,4390.0,3978.0,2589.0,1608.0,1166.0,0.0,4.0,25.0,231.0,1343.0,2248.0,1675.0,1056.0,692.0,393.0,0.0
20,BG,20763.0,3.0,15.0,40.0,613.0,1010.0,1200.0,1276.0,900.0,696.0,0.0,3.0,11.0,44.0,525.0,682.0,444.0,252.0,195.0,393.0,0.0
21,BH,795.0,0.0,0.0,1.0,73.0,224.0,159.0,115.0,45.0,75.0,0.0,0.0,0.0,6.0,60.0,94.0,48.0,22.0,13.0,19.0,0.0
22,BI,39551.0,0.0,0.0,377.0,4111.0,6847.0,5977.0,3570.0,1289.0,619.0,0.0,0.0,0.0,617.0,3520.0,4001.0,3114.0,1404.0,496.0,264.0,0.0
23,BJ,31466.0,0.0,0.0,215.0,3135.0,5660.0,4078.0,2596.0,1408.0,1067.0,0.0,0.0,0.0,370.0,2669.0,3456.0,1771.0,945.0,498.0,326.0,0.0
24,BM,4.0,0.0,0.0,0.0,0.0,0.0,1.0,0.0,0.0,0.0,0.0,0.0,0.0,0.0,0.0,0.0,0.0,1.0,0.0,0.0,0.0
25,BN,1194.0,0.0,0.0,4.0,86.0,149.0,139.0,113.0,94.0,130.0,0.0,0.0,3.0,3.0,72.0,115.0,92.0,75.0,50.0,56.0,0.0
26,BO,103894.0,0.0,0.0,2124.0,15850.0,10025.0,6521.0,5741.0,4478.0,4939.0,0.0,0.0,0.0,2443.0,10692.0,7280.0,4016.0,2992.0,2366.0,3224.0,0.0
27,BR,621188.0,426.0,586.0,5055.0,48298.0,64805.0,64696.0,52425.0,29179.0,22956.0,0.0,212.0,831.0,5301.0,36530.0,38509.0,28199.0,19418.0,11723.0,11460.0,0.0
28,BS,486.0,0.0,0.0,10.0,23.0,64.0,87.0,59.0,18.0,12.0,0.0,0.0,0.0,9.0,22.0,49.0,45.0,16.0,11.0,9.0,0.0
29,BT,4981.0,0.0,0.0,53.0,747.0,680.0,406.0,352.0,242.0,173.0,0.0,0.0,0.0,107.0,802.0,540.0,310.0,200.0,136.0,103.0,0.0
30,BW,44725.0,4.0,23.0,270.0,2446.0,6019.0,5113.0,2876.0,1417.0,983.0,0.0,5.0,37.0,457.0,3658.0,5291.0,2825.0,1247.0,559.0,389.0,0.0
31,BY,28752.0,0.0,0.0,2.0,450.0,1042.0,1622.0,1672.0,684.0,425.0,0.0,0.0,1.0,6.0,172.0,291.0,279.0,233.0,115.0,396.0,0.0
32,BZ,820.0,1.0,4.0,16.0,52.0,73.0,81.0,74.0,45.0,56.0,0.0,0.0,2.0,10.0,46.0,33.0,33.0,28.0,30.0,41.0,0.0
33,CA,16413.0,5.0,4.0,141.0,1071.0,1559.0,1558.0,1456.0,1451.0,2914.0,0.0,0.0,9.0,150.0,1005.0,1234.0,799.0,546.0,618.0,1910.0,0.0
34,CD,655506.0,0.0,0.0,10854.0,64362.0,93729.0,71394.0,45268.0,23577.0,12828.0,0.0,0.0,0.0,14531.0,70520.0,82107.0,54570.0,33547.0,17948.0,7860.0,0.0
35,CF,32129.0,0.0,0.0,442.0,2358.0,6139.0,4175.0,1565.0,740.0,348.0,0.0,0.0,0.0,572.0,3141.0,4838.0,3056.0,1156.0,571.0,209.0,0.0
36,CG,47516.0,0.0,0.0,164.0,2835.0,4356.0,2681.0,1199.0,461.0,302.0,0.0,0.0,0.0,278.0,2648.0,3820.0,1949.0,903.0,470.0,349.0,0.0
37,CH,2761.0,0.0,2.0,4.0,151.0,236.0,212.0,151.0,100.0,181.0,0.0,0.0,3.0,7.0,116.0,195.0,89.0,36.0,28.0,97.0,0.0
38,CI,162034.0,0.0,0.0,1589.0,16553.0,28137.0,19282.0,10497.0,5589.0,4118.0,0.0,0.0,0.0,2054.0,14699.0,18902.0,10512.0,5190.0,2890.0,1908.0,0.0
39,CK,83.0,0.0,0.0,1.0,6.0,3.0,5.0,9.0,15.0,7.0,0.0,0.0,0.0,4.0,11.0,2.0,8.0,3.0,7.0,1.0,0.0
40,CL,23987.0,6.0,16.0,90.0,1259.0,2059.0,2449.0,2331.0,1785.0,1896.0,0.0,2.0,16.0,116.0,919.0,1249.0,988.0,780.0,690.0,1132.0,0.0
41,CM,114970.0,0.0,0.0,987.0,12278.0,23020.0,15524.0,8631.0,3760.0,2181.0,0.0,0.0,0.0,1322.0,11691.0,15399.0,8206.0,4111.0,1987.0,1086.0,0.0
42,CN,4294509.0,0.0,0.0,16540.0,380383.0,478361.0,483317.0,472131.0,445348.0,511082.0,0.0,0.0,0.0,19830.0,279140.0,287275.0,220913.0,172307.0,145935.0,152612.0,0.0
43,CO,118690.0,0.0,0.0,2070.0,8176.0,8380.0,8519.0,8216.0,5551.0,7813.0,0.0,0.0,0.0,1586.0,5625.0,5600.0,4256.0,3421.0,2711.0,3818.0,0.0
44,CR,4959.0,0.0,6.0,104.0,442.0,702.0,664.0,554.0,383.0,508.0,0.0,0.0,9.0,105.0,286.0,405.0,337.0,251.0,206.0,261.0,0.0
45,CU,9942.0,0.0,2.0,9.0,537.0,1485.0,1195.0,846.0,775.0,1113.0,0.0,1.0,2.0,18.0,202.0,380.0,307.0,308.0,320.0,535.0,0.0
46,CV,1641.0,0.0,2.0,11.0,138.0,247.0,207.0,120.0,55.0,61.0,0.0,0.0,2.0,21.0,122.0,145.0,81.0,39.0,46.0,65.0,0.0
47,CY,124.0,0.0,0.0,5.0,14.0,19.0,8.0,7.0,14.0,8.0,0.0,0.0,0.0,4.0,12.0,16.0,8.0,4.0,2.0,1.0,0.0
48,CZ,6483.0,0.0,0.0,5.0,140.0,403.0,767.0,1124.0,673.0,799.0,0.0,0.0,0.0,3.0,110.0,187.0,163.0,169.0,139.0,728.0,0.0
49,DE,37699.0,2.0,10.0,92.0,1311.0,2841.0,3750.0,3337.0,2818.0,4177.0,0.0,6.0,15.0,117.0,1089.0,1795.0,1384.0,837.0,726.0,2537.0,0.0
50,DJ,21413.0,4.0,10.0,276.0,3727.0,4186.0,1924.0,995.0,668.0,355.0,0.0,2.0,6.0,289.0,2005.0,2002.0,826.0,467.0,239.0,102.0,0.0
51,DK,2221.0,0.0,0.0,17.0,120.0,227.0,279.0,283.0,131.0,123.0,0.0,1.0,5.0,24.0,116.0,173.0,132.0,91.0,62.0,75.0,0.0
52,DM,52.0,0.0,0.0,0.0,0.0,2.0,5.0,5.0,5.0,2.0,0.0,0.0,0.0,0.0,3.0,1.0,3.0,3.0,4.0,0.0,0.0
53,DO,44775.0,2.0,14.0,561.0,4341.0,5316.0,3647.0,2126.0,1349.0,1143.0,0.0,4.0,30.0,578.0,3453.0,3390.0,2071.0,1225.0,807.0,708.0,0.0
54,DZ,117766.0,0.0,0.0,1229.0,14268.0,18312.0,7825.0,5047.0,2926.0,4037.0,0.0,0.0,0.0,977.0,12225.0,8765.0,4173.0,2805.0,2551.0,3854.0,0.0
55,EC,76341.0,0.0,0.0,464.0,4104.0,3889.0,2471.0,1648.0,1337.0,1136.0,0.0,0.0,0.0,420.0,2969.0,2527.0,1493.0,947.0,797.0,857.0,0.0
56,EE,3796.0,0.0,0.0,1.0,100.0,353.0,568.0,589.0,283.0,179.0,0.0,0.0,0.0,0.0,79.0,127.0,165.0,136.0,61.0,124.0,0.0
57,EG,71063.0,19.0,48.0,684.0,8735.0,11470.0,9028.0,7364.0,4793.0,2402.0,8.0,8.0,62.0,813.0,5895.0,5088.0,3700.0,3186.0,1895.0,829.0,3.0
58,ER,7227.0,4.0,17.0,104.0,658.0,734.0,543.0,441.0,364.0,279.0,0.0,0.0,2.0,107.0,843.0,987.0,613.0,393.0,220.0,153.0,0.0
59,ES,27832.0,31.0,28.0,162.0,1631.0,3536.0,3315.0,2295.0,1356.0,2247.0,6.0,25.0,27.0,125.0,1465.0,2319.0,1207.0,500.0,242.0,922.0,6.0
60,ET,419610.0,0.0,0.0,12004.0,69905.0,67145.0,38168.0,20282.0,10024.0,5018.0,0.0,0.0,0.0,14381.0,61079.0,58818.0,29217.0,13161.0,4757.0,1758.0,0.0
61,FI,2187.0,0.0,1.0,2.0,32.0,78.0,172.0,254.0,240.0,605.0,0.0,0.0,0.0,1.0,38.0,64.0,43.0,69.0,77.0,446.0,0.0
62,FJ,1797.0,0.0,0.0,16.0,125.0,136.0,116.0,107.0,84.0,47.0,0.0,0.0,1.0,24.0,118.0,100.0,67.0,59.0,64.0,29.0,0.0
63,FM,310.0,8.0,7.0,22.0,56.0,17.0,24.0,19.0,16.0,9.0,0.0,1.0,5.0,29.0,63.0,27.0,22.0,18.0,15.0,12.0,0.0
64,FR,36483.0,28.0,28.0,234.0,1633.0,3322.0,3577.0,3095.0,2077.0,3624.0,1.0,16.0,43.0,234.0,1444.0,1918.0,1319.0,820.0,654.0,2767.0,0.0
65,GA,13403.0,1.0,13.0,140.0,1389.0,2030.0,1449.0,813.0,432.0,326.0,0.0,1.0,28.0,187.0,1334.0,1243.0,772.0,381.0,263.0,185.0,0.0
66,GB,20859.0,10.0,26.0,104.0,1353.0,2054.0,1665.0,1233.0,947.0,1668.0,1.0,7.0,65.0,152.0,1274.0,1678.0,903.0,514.0,388.0,999.0,3.0
67,GD,24.0,0.0,0.0,0.0,2.0,3.0,2.0,3.0,2.0,2.0,0.0,0.0,0.0,0.0,2.0,0.0,0.0,0.0,1.0,2.0,0.0
68,GE,14568.0,45.0,126.0,199.0,2491.0,3555.0,3145.0,2322.0,1196.0,875.0,1.0,27.0,96.0,145.0,1218.0,1220.0,809.0,553.0,346.0,421.0,1.0
69,GH,105135.0,0.0,0.0,814.0,6512.0,13707.0,13431.0,9812.0,5542.0,4971.0,0.0,0.0,0.0,992.0,5511.0,8621.0,6299.0,4010.0,2390.0,2327.0,0.0
70,GM,12062.0,14.0,6.0,89.0,1243.0,2540.0,1599.0,949.0,620.0,408.0,0.0,6.0,8.0,82.0,735.0,1002.0,630.0,393.0,257.0,171.0,0.0
71,GN,65217.0,0.0,0.0,467.0,8001.0,13225.0,9097.0,4927.0,2590.0,1855.0,0.0,0.0,0.0,749.0,5695.0,6489.0,3904.0,1924.0,1139.0,667.0,0.0
72,GQ,1885.0,0.0,0.0,32.0,195.0,289.0,251.0,154.0,69.0,48.0,0.0,0.0,0.0,27.0,180.0,193.0,119.0,59.0,38.0,21.0,0.0
73,GR,2555.0,0.0,2.0,24.0,143.0,265.0,307.0,270.0,247.0,397.0,9.0,0.0,0.0,12.0,102.0,136.0,109.0,62.0,57.0,220.0,3.0
74,GT,34510.0,18.0,134.0,559.0,2838.0,3092.0,2690.0,2203.0,1724.0,1818.0,0.0,28.0,77.0,615.0,2834.0,2747.0,2417.0,1855.0,1331.0,1248.0,0.0
75,GU,267.0,0.0,0.0,5.0,10.0,23.0,41.0,47.0,37.0,41.0,0.0,0.0,0.0,6.0,13.0,15.0,16.0,22.0,12.0,24.0,0.0
76,GW,10937.0,0.0,0.0,73.0,771.0,1264.0,1073.0,800.0,523.0,263.0,0.0,0.0,0.0,70.0,588.0,786.0,693.0,546.0,296.0,135.0,0.0
77,GY,2562.0,2.0,5.0,92.0,374.0,759.0,717.0,476.0,161.0,128.0,0.0,0.0,4.0,97.0,269.0,341.0,277.0,162.0,70.0,82.0,0.0
78,HK,25007.0,1.0,10.0,42.0,870.0,1061.0,1537.0,2123.0,2226.0,5345.0,0.0,1.0,20.0,83.0,855.0,1176.0,907.0,599.0,451.0,1763.0,0.0
79,HN,36902.0,11.0,42.0,706.0,2454.0,5029.0,3148.0,2756.0,2471.0,991.0,0.0,4.0,79.0,633.0,1820.0,3322.0,2499.0,2325.0,1807.0,783.0,0.0
80,HR,8572.0,0.0,1.0,36.0,322.0,549.0,1187.0,1093.0,758.0,781.0,0.0,1.0,3.0,54.0,272.0,332.0,327.0,242.0,267.0,880.0,0.0
81,HT,84919.0,34.0,160.0,1535.0,11526.0,12520.0,7902.0,4795.0,2399.0,1944.0,0.0,46.0,255.0,2006.0,12702.0,12355.0,7487.0,4176.0,1901.0,1450.0,0.0
82,HU,11325.0,0.0,2.0,11.0,143.0,586.0,1323.0,1790.0,935.0,620.0,0.0,1.0,6.0,18.0,162.0,287.0,358.0,344.0,169.0,486.0,1.0
83,ID,1322148.0,374.0,1346.0,5825.0,105793.0,147526.0,130393.0,123886.0,92905.0,45534.0,0.0,268.0,1667.0,6664.0,97067.0,124287.0,94509.0,78363.0,52586.0,20022.0,0.0
84,IE,1845.0,1.0,2.0,5.0,104.0,183.0,164.0,144.0,111.0,142.0,1.0,0.0,0.0,0.0,95.0,127.0,74.0,48.0,27.0,83.0,0.0
85,IL,2104.0,0.0,1.0,17.0,119.0,254.0,247.0,183.0,130.0,336.0,0.0,2.0,2.0,21.0,102.0,147.0,116.0,62.0,53.0,230.0,0.0
86,IN,6229667.0,0.0,0.0,26859.0,481250.0,584823.0,604724.0,508644.0,341389.0,196049.0,0.0,0.0,0.0,49540.0,337711.0,345064.0,223518.0,136528.0,84810.0,45260.0,0.0
87,IQ,89188.0,2.0,50.0,2714.0,8795.0,10060.0,5945.0,5569.0,4570.0,2294.0,0.0,1.0,125.0,2422.0,5995.0,5932.0,4091.0,4362.0,3917.0,1578.0,0.0
88,IR,76269.0,7.0,26.0,489.0,5777.0,7196.0,5519.0,4296.0,4854.0,9250.0,0.0,7.0,125.0,1153.0,7505.0,5115.0,3979.0,4468.0,5883.0,9807.0,0.0
89,IS,36.0,0.0,0.0,0.0,2.0,2.0,3.0,1.0,1.0,6.0,0.0,0.0,0.0,0.0,2.0,5.0,3.0,0.0,1.0,7.0,0.0
90,IT,20564.0,15.0,16.0,163.0,1077.0,2532.0,2121.0,1394.0,1298.0,2756.0,59.0,6.0,23.0,99.0,877.0,1484.0,882.0,442.0,450.0,1580.0,26.0
91,JM,1227.0,2.0,1.0,13.0,105.0,153.0,144.0,147.0,102.0,76.0,2.0,0.0,3.0,15.0,70.0,74.0,63.0,29.0,31.0,31.0,1.0
92,JO,1915.0,0.0,0.0,9.0,180.0,279.0,175.0,135.0,177.0,89.0,0.0,0.0,0.0,7.0,130.0,108.0,58.0,66.0,115.0,59.0,0.0
93,JP,195209.0,1.0,5.0,72.0,3242.0,7408.0,9204.0,17452.0,21423.0,53093.0,0.0,3.0,6.0,80.0,2798.0,5672.0,3449.0,3898.0,5244.0,27514.0,0.0
94,KE,491507.0,63.0,862.0,4070.0,56184.0,95105.0,53823.0,25582.0,10974.0,6530.0,0.0,64.0,1121.0,5995.0,55911.0,65182.0,28177.0,12811.0,5916.0,3153.0,0.0
95,KG,20036.0,0.0,8.0,32.0,2702.0,3833.0,3106.0,1945.0,843.0,727.0,0.0,0.0,52.0,93.0,2136.0,2440.0,1282.0,641.0,438.0,675.0,0.0
96,KH,240437.0,0.0,0.0,766.0,8509.0,18471.0,24124.0,22382.0,20402.0,16801.0,0.0,0.0,0.0,737.0,7184.0,15997.0,22461.0,24844.0,21173.0,14211.0,0.0
97,KI,1532.0,0.0,4.0,38.0,156.0,90.0,93.0,94.0,63.0,31.0,0.0,0.0,12.0,52.0,180.0,83.0,85.0,59.0,43.0,27.0,0.0
98,KM,1106.0,1.0,2.0,4.0,137.0,107.0,88.0,64.0,45.0,37.0,0.0,1.0,2.0,9.0,83.0,83.0,61.0,50.0,35.0,25.0,0.0
99,KN,27.0,0.0,0.0,0.0,1.0,2.0,4.0,4.0,1.0,0.0,0.0,0.0,0.0,0.0,0.0,1.0,0.0,1.0,3.0,1.0,0.0
100,KP,182604.0,11.0,430.0,2097.0,13776.0,22008.0,28418.0,24782.0,14500.0,6089.0,0.0,7.0,472.0,1791.0,8854.0,14330.0,17849.0,14243.0,7580.0,3805.0,0.0
101,KR,181884.0,6.0,85.0,308.0,11507.0,17430.0,17808.0,16493.0,14324.0,19313.0,0.0,5.0,119.0,453.0,9823.0,10894.0,6475.0,4468.0,5060.0,17632.0,0.0
102,KW,3284.0,0.0,1.0,4.0,217.0,731.0,467.0,340.0,122.0,63.0,0.0,0.0,2.0,9.0,217.0,442.0,188.0,78.0,55.0,49.0,0.0
103,KY,14.0,0.0,0.0,0.0,0.0,4.0,2.0,0.0,2.0,1.0,0.0,0.0,0.0,0.0,1.0,1.0,1.0,0.0,0.0,0.0,0.0
104,KZ,94331.0,3.0,56.0,291.0,9375.0,12862.0,11606.0,8543.0,4153.0,1945.0,0.0,2.0,126.0,629.0,8427.0,9064.0,5180.0,2763.0,1753.0,1773.0,0.0
105,LA,26814.0,0.0,0.0,101.0,1387.0,2342.0,2953.0,3521.0,3248.0,3024.0,0.0,0.0,0.0,98.0,1027.0,1731.0,2087.0,2238.0,1817.0,1492.0,0.0
106,LB,2567.0,0.0,1.0,20.0,257.0,371.0,277.0,201.0,168.0,145.0,0.0,0.0,4.0,29.0,313.0,293.0,137.0,82.0,61.0,44.0,0.0
107,LC,183.0,0.0,0.0,0.0,6.0,7.0,12.0,18.0,26.0,20.0,0.0,0.0,2.0,3.0,10.0,11.0,5.0,8.0,7.0,12.0,0.0
108,LK,87704.0,0.0,0.0,144.0,3793.0,6150.0,9008.0,10273.0,7098.0,4889.0,0.0,0.0,0.0,254.0,3810.0,3296.0,2485.0,2386.0,1890.0,1463.0,0.0
109,LR,20408.0,3.0,104.0,333.0,1921.0,2867.0,2521.0,1382.0,649.0,435.0,0.0,1.0,55.0,326.0,1795.0,2262.0,1536.0,915.0,481.0,278.0,0.0
110,LS,40573.0,1.0,26.0,187.0,2367.0,5705.0,5476.0,3802.0,2036.0,900.0,0.0,1.0,27.0,236.0,3016.0,5094.0,3031.0,1668.0,796.0,521.0,0.0
111,LT,13672.0,0.0,0.0,11.0,560.0,1513.0,2568.0,2394.0,1418.0,1003.0,0.0,0.0,2.0,20.0,385.0,698.0,743.0,528.0,324.0,668.0,0.0
112,LU,220.0,0.0,0.0,1.0,13.0,28.0,37.0,20.0,15.0,16.0,0.0,0.0,0.0,3.0,12.0,18.0,14.0,6.0,5.0,15.0,0.0
113,LV,8508.0,0.0,3.0,4.0,510.0,1143.0,1580.0,1432.0,799.0,434.0,0.0,0.0,1.0,11.0,342.0,477.0,494.0,377.0,192.0,243.0,0.0
114,LY,7531.0,1.0,1.0,25.0,1026.0,2407.0,1234.0,463.0,242.0,231.0,0.0,0.0,6.0,52.0,407.0,360.0,228.0,176.0,135.0,174.0,0.0
115,MA,181940.0,13.0,185.0,1272.0,31231.0,35270.0,23068.0,13290.0,7799.0,7909.0,0.0,16.0,386.0,2340.0,20460.0,15085.0,8692.0,5762.0,5027.0,4735.0,0.0
116,MC,2.0,0.0,0.0,0.0,0.0,0.0,0.0,1.0,0.0,0.0,0.0,0.0,0.0,0.0,0.0,0.0,0.0,0.0,0.0,1.0,0.0
117,MD,15811.0,0.0,3.0,25.0,1752.0,2520.0,2957.0,2397.0,873.0,331.0,0.0,2.0,7.0,55.0,848.0,839.0,622.0,485.0,221.0,206.0,0.0
118,ME,228.0,0.0,0.0,0.0,5.0,25.0,27.0,42.0,19.0,15.0,1.0,0.0,0.0,0.0,10.0,19.0,16.0,21.0,10.0,18.0,0.0
119,MG,148658.0,115.0,223.0,1208.0,12467.0,19669.0,18535.0,13242.0,6839.0,4043.0,0.0,35.0,439.0,1845.0,11925.0,15812.0,11684.0,6842.0,3111.0,1507.0,0.0
120,MH,295.0,0.0,1.0,29.0,53.0,31.0,35.0,47.0,28.0,10.0,0.0,0.0,2.0,37.0,66.0,37.0,33.0,44.0,24.0,13.0,0.0
121,MK,2696.0,0.0,4.0,27.0,194.0,279.0,387.0,372.0,284.0,208.0,1.0,1.0,10.0,28.0,233.0,242.0,176.0,91.0,100.0,135.0,0.0
122,ML,41526.0,2.0,20.0,302.0,3506.0,7292.0,6061.0,4486.0,2917.0,2011.0,0.0,3.0,34.0,340.0,2547.0,3772.0,2543.0,1816.0,1173.0,743.0,0.0
123,MM,332636.0,0.0,0.0,1171.0,28567.0,52070.0,52919.0,41420.0,24427.0,16001.0,0.0,0.0,0.0,1508.0,20818.0,28600.0,24221.0,18762.0,11924.0,7974.0,0.0
124,MN,21139.0,0.0,0.0,150.0,3133.0,3556.0,2598.0,1346.0,613.0,435.0,0.0,0.0,0.0,308.0,3172.0,3045.0,1662.0,707.0,338.0,299.0,0.0
125,MO,2395.0,0.0,1.0,7.0,151.0,200.0,311.0,332.0,219.0,322.0,0.0,0.0,2.0,12.0,101.0,130.0,143.0,79.0,41.0,122.0,0.0
126,MP,256.0,0.0,0.0,3.0,13.0,38.0,43.0,60.0,18.0,19.0,0.0,0.0,0.0,2.0,34.0,44.0,27.0,14.0,6.0,7.0,0.0
127,MR,17021.0,0.0,0.0,254.0,1261.0,2055.0,1551.0,1410.0,826.0,654.0,0.0,0.0,0.0,199.0,729.0,907.0,729.0,775.0,589.0,225.0,0.0
128,MS,6.0,0.0,0.0,0.0,0.0,1.0,0.0,1.0,0.0,1.0,0.0,0.0,0.0,0.0,0.0,0.0,0.0,0.0,0.0,1.0,0.0
129,MT,96.0,0.0,0.0,0.0,9.0,11.0,8.0,7.0,10.0,14.0,0.0,0.0,0.0,0.0,4.0,3.0,2.0,1.0,1.0,6.0,0.0
130,MU,1423.0,0.0,0.0,7.0,110.0,131.0,200.0,187.0,109.0,91.0,0.0,0.0,0.0,6.0,59.0,78.0,63.0,59.0,34.0,36.0,0.0
131,MV,1291.0,0.0,0.0,5.0,197.0,126.0,61.0,85.0,98.0,73.0,0.0,0.0,1.0,13.0,136.0,69.0,49.0,59.0,41.0,27.0,0.0
132,MW,149672.0,1.0,116.0,582.0,7888.0,19214.0,13182.0,6988.0,3209.0,1745.0,0.0,1.0,220.0,1139.0,12197.0,18787.0,10206.0,4813.0,1980.0,853.0,0.0
133,MX,184272.0,191.0,207.0,1839.0,12885.0,15821.0,15224.0,14531.0,11551.0,13828.0,0.0,115.0,304.0,1963.0,9351.0,9430.0,8604.0,8981.0,7719.0,8774.0,0.0
134,MY,129413.0,288.0,297.0,1411.0,12211.0,20477.0,20085.0,17561.0,13000.0,15775.0,2.0,125.0,341.0,1470.0,9092.0,9877.0,8017.0,7048.0,5268.0,5489.0,0.0
135,MZ,225150.0,0.0,0.0,491.0,3493.0,4590.0,4144.0,3078.0,1969.0,908.0,0.0,0.0,0.0,618.0,3201.0,4052.0,2956.0,1690.0,738.0,241.0,0.0
136,NC,296.0,0.0,0.0,5.0,16.0,31.0,21.0,24.0,30.0,36.0,0.0,0.0,0.0,4.0,20.0,18.0,13.0,13.0,6.0,23.0,0.0
137,NE,53885.0,5.0,30.0,213.0,3445.0,7433.0,5372.0,3213.0,2210.0,1330.0,0.0,4.0,53.0,267.0,1516.0,2475.0,1906.0,1387.0,789.0,447.0,0.0
138,NG,351850.0,0.0,0.0,3738.0,36924.0,62274.0,41281.0,25260.0,13084.0,9457.0,0.0,0.0,0.0,5015.0,38534.0,45191.0,22932.0,14672.0,8426.0,4780.0,0.0
139,NI,23918.0,0.0,0.0,288.0,2644.0,2627.0,2036.0,1543.0,1134.0,1169.0,0.0,0.0,0.0,425.0,2468.0,2403.0,1422.0,991.0,723.0,717.0,0.0
140,NL,5254.0,1.0,0.0,51.0,505.0,739.0,537.0,350.0,195.0,303.0,0.0,0.0,9.0,59.0,314.0,411.0,198.0,104.0,61.0,142.0,0.0
141,NO,835.0,0.0,1.0,8.0,68.0,98.0,78.0,47.0,30.0,110.0,0.0,0.0,2.0,5.0,55.0,77.0,43.0,18.0,14.0,79.0,0.0
142,NP,199798.0,0.0,0.0,1575.0,20850.0,19529.0,19393.0,18832.0,16904.0,8828.0,1416.0,0.0,0.0,2095.0,13887.0,12088.0,9180.0,6746.0,5123.0,2520.0,631.0
143,NR,20.0,0.0,0.0,1.0,3.0,1.0,2.0,4.0,1.0,0.0,0.0,0.0,0.0,0.0,0.0,1.0,5.0,2.0,1.0,0.0,0.0
144,NU,3.0,0.0,0.0,0.0,1.0,0.0,0.0,0.0,0.0,0.0,0.0,0.0,0.0,0.0,1.0,0.0,0.0,0.0,0.0,0.0,0.0
145,NZ,1412.0,0.0,5.0,22.0,111.0,94.0,91.0,78.0,80.0,142.0,0.0,2.0,1.0,20.0,132.0,123.0,74.0,51.0,47.0,85.0,0.0
146,OM,2412.0,0.0,6.0,25.0,224.0,224.0,252.0,231.0,171.0,147.0,0.0,0.0,3.0,53.0,257.0,139.0,86.0,92.0,81.0,85.0,0.0
147,PA,13127.0,1.0,8.0,290.0,1171.0,1780.0,1353.0,1087.0,721.0,721.0,0.0,0.0,9.0,293.0,855.0,998.0,726.0,466.0,327.0,382.0,0.0
148,PE,383300.0,56.0,823.0,4823.0,51904.0,31072.0,17788.0,11714.0,8168.0,8404.0,0.0,24.0,798.0,5164.0,38825.0,24687.0,13091.0,7933.0,5320.0,6504.0,0.0
149,PF,375.0,0.0,1.0,8.0,35.0,31.0,33.0,26.0,36.0,35.0,2.0,0.0,1.0,14.0,45.0,28.0,23.0,18.0,22.0,25.0,1.0
150,PG,24539.0,0.0,0.0,239.0,1644.0,1484.0,883.0,614.0,359.0,67.0,0.0,0.0,0.0,298.0,1698.0,1498.0,755.0,435.0,197.0,35.0,0.0
151,PH,1265511.0,0.0,0.0,2414.0,46009.0,66792.0,78535.0,73658.0,46940.0,26330.0,0.0,0.0,0.0,2077.0,23877.0,31973.0,31673.0,27327.0,19417.0,13018.0,0.0
152,PK,422548.0,0.0,0.0,4874.0,43893.0,39858.0,33299.0,31458.0,26210.0,20793.0,0.0,0.0,0.0,11259.0,51889.0,42928.0,31841.0,23662.0,17242.0,11853.0,0.0
153,PL,61846.0,6.0,6.0,45.0,1464.0,3615.0,8736.0,9654.0,4842.0,4958.0,0.0,0.0,11.0,63.0,1376.0,2140.0,2514.0,1890.0,1172.0,5232.0,0.0
154,PR,1434.0,0.0,0.0,11.0,53.0,109.0,177.0,161.0,143.0,159.0,0.0,0.0,0.0,5.0,35.0,54.0,63.0,69.0,54.0,66.0,0.0
155,PS,180.0,0.0,0.0,2.0,11.0,12.0,12.0,13.0,11.0,15.0,0.0,0.0,0.0,1.0,6.0,3.0,5.0,7.0,9.0,6.0,0.0
156,PT,25439.0,9.0,9.0,114.0,1768.0,4062.0,4510.0,2952.0,1669.0,1924.0,7.0,4.0,12.0,80.0,1325.0,1921.0,1120.0,463.0,350.0,796.0,2.0
157,PW,92.0,1.0,0.0,2.0,5.0,12.0,11.0,10.0,13.0,4.0,0.0,0.0,0.0,1.0,1.0,7.0,5.0,2.0,4.0,2.0,0.0
158,PY,19565.0,12.0,33.0,244.0,1894.0,2007.0,1557.0,1487.0,1125.0,1175.0,4.0,5.0,36.0,262.0,1259.0,1099.0,778.0,667.0,588.0,722.0,0.0
159,QA,1162.0,0.0,1.0,3.0,183.0,274.0,184.0,160.0,61.0,26.0,0.0,0.0,0.0,3.0,46.0,79.0,35.0,22.0,10.0,10.0,0.0
160,RO,166322.0,39.0,74.0,897.0,12032.0,21825.0,28815.0,26597.0,14195.0,8239.0,4.0,28.0,135.0,1024.0,10374.0,10757.0,7237.0,5049.0,3211.0,5169.0,3.0
161,RS,4235.0,2.0,8.0,10.0,228.0,297.0,413.0,617.0,401.0,489.0,1.0,0.0,18.0,18.0,227.0,248.0,174.0,175.0,118.0,574.0,0.0
162,RU,490179.0,4.0,28.0,112.0,18368.0,41861.0,47874.0,46921.0,17862.0,8805.0,0.0,5.0,68.0,231.0,9975.0,14964.0,12327.0,9999.0,4160.0,5743.0,0.0
163,RW,51716.0,11.0,73.0,625.0,4381.0,7039.0,5625.0,3192.0,1346.0,663.0,0.0,4.0,142.0,710.0,3851.0,4127.0,2369.0,1111.0,536.0,225.0,0.0
164,SA,21704.0,4.0,12.0,76.0,1982.0,3071.0,2178.0,1640.0,959.0,1122.0,0.0,2.0,31.0,314.0,2200.0,2041.0,972.0,652.0,514.0,673.0,0.0
165,SB,2014.0,0.0,8.0,40.0,171.0,126.0,101.0,121.0,103.0,73.0,0.0,0.0,9.0,62.0,186.0,195.0,116.0,127.0,85.0,28.0,0.0
166,SC,113.0,0.0,0.0,0.0,7.0,15.0,20.0,12.0,13.0,8.0,0.0,0.0,0.0,0.0,2.0,6.0,4.0,4.0,5.0,6.0,0.0
167,SD,159403.0,40.0,277.0,6326.0,13877.0,19116.0,15263.0,11181.0,7452.0,6067.0,0.0,41.0,280.0,6064.0,10745.0,12641.0,10119.0,7494.0,4554.0,3247.0,0.0
168,SE,1912.0,0.0,0.0,6.0,116.0,200.0,135.0,87.0,61.0,233.0,0.0,0.0,3.0,10.0,125.0,176.0,109.0,40.0,33.0,173.0,0.0
169,SG,8087.0,1.0,1.0,7.0,141.0,337.0,727.0,1050.0,951.0,1401.0,0.0,0.0,1.0,8.0,119.0,215.0,266.0,274.0,225.0,456.0,0.0
170,SI,2639.0,0.0,0.0,1.0,63.0,208.0,382.0,303.0,189.0,182.0,0.0,0.0,0.0,0.0,63.0,132.0,90.0,57.0,54.0,254.0,0.0
171,SK,5316.0,1.0,3.0,15.0,90.0,271.0,561.0,705.0,384.0,587.0,0.0,1.0,1.0,14.0,100.0,128.0,143.0,102.0,106.0,790.0,0.0
172,SL,44776.0,4.0,87.0,292.0,4667.0,8223.0,6559.0,3882.0,1898.0,1175.0,0.0,1.0,127.0,466.0,3874.0,5130.0,3722.0,1882.0,1000.0,498.0,0.0
173,SM,2.0,0.0,0.0,0.0,0.0,0.0,0.0,0.0,0.0,1.0,0.0,0.0,0.0,0.0,0.0,1.0,0.0,0.0,0.0,0.0,0.0
174,SN,90897.0,2.0,65.0,932.0,12831.0,19386.0,12243.0,6947.0,3946.0,3127.0,0.0,1.0,78.0,1077.0,7969.0,7481.0,4726.0,2879.0,1646.0,1108.0,0.0
175,SO,66791.0,0.0,0.0,1580.0,12597.0,11866.0,6565.0,4172.0,3348.0,2782.0,0.0,0.0,0.0,1493.0,6345.0,5929.0,3970.0,2287.0,1620.0,1200.0,0.0
176,SR,505.0,1.0,4.0,10.0,44.0,73.0,78.0,30.0,18.0,40.0,0.0,0.0,2.0,7.0,26.0,30.0,20.0,18.0,7.0,14.0,0.0
177,ST,421.0,0.0,0.0,9.0,45.0,82.0,46.0,39.0,23.0,32.0,0.0,0.0,0.0,9.0,46.0,66.0,36.0,28.0,22.0,33.0,0.0
178,SV,17242.0,0.0,16.0,234.0,1187.0,1677.0,1356.0,1049.0,863.0,1240.0,0.0,0.0,12.0,263.0,960.0,1008.0,699.0,619.0,555.0,808.0,0.0
179,SY,20028.0,2.0,31.0,128.0,3949.0,3473.0,1571.0,1190.0,825.0,707.0,0.0,0.0,62.0,284.0,2489.0,1371.0,666.0,605.0,469.0,363.0,0.0
180,SZ,23261.0,3.0,57.0,202.0,1577.0,3934.0,2940.0,1768.0,766.0,371.0,0.0,7.0,79.0,229.0,2962.0,4317.0,1948.0,855.0,325.0,166.0,0.0
181,TC,18.0,0.0,0.0,0.0,1.0,3.0,1.0,0.0,0.0,0.0,0.0,0.0,0.0,0.0,1.0,4.0,1.0,3.0,1.0,0.0,0.0
182,TD,23518.0,0.0,0.0,359.0,853.0,2872.0,4667.0,2069.0,454.0,210.0,0.0,0.0,0.0,290.0,499.0,1703.0,2705.0,1065.0,269.0,116.0,0.0
183,TG,18148.0,0.0,0.0,123.0,1580.0,2938.0,2493.0,1505.0,788.0,666.0,0.0,0.0,0.0,193.0,1593.0,2137.0,1154.0,664.0,377.0,316.0,0.0
184,TH,338348.0,0.0,0.0,584.0,16600.0,46116.0,48023.0,40710.0,33507.0,37769.0,0.0,0.0,0.0,686.0,10648.0,17217.0,14346.0,14453.0,15238.0,21065.0,0.0
185,TJ,13061.0,0.0,15.0,71.0,1672.0,1526.0,833.0,519.0,272.0,244.0,0.0,0.0,51.0,103.0,1119.0,984.0,682.0,417.0,220.0,264.0,0.0
186,TK,1.0,0.0,0.0,0.0,10.0,10.0,4.0,9.0,4.0,0.0,0.0,0.0,0.0,0.0,13.0,6.0,5.0,6.0,3.0,4.0,0.0
187,TL,6961.0,0.0,0.0,42.0,889.0,895.0,722.0,648.0,410.0,339.0,0.0,0.0,0.0,82.0,761.0,692.0,579.0,484.0,233.0,165.0,0.0
188,TM,14764.0,0.0,4.0,37.0,1622.0,3150.0,2195.0,1439.0,612.0,229.0,0.0,1.0,8.0,58.0,1092.0,1669.0,933.0,599.0,395.0,262.0,0.0
189,TN,15207.0,0.0,0.0,98.0,1345.0,2054.0,1546.0,1198.0,781.0,955.0,0.0,0.0,0.0,91.0,702.0,627.0,455.0,360.0,308.0,462.0,0.0
190,TO,208.0,0.0,0.0,0.0,18.0,10.0,8.0,13.0,20.0,36.0,0.0,0.0,0.0,1.0,16.0,9.0,9.0,4.0,14.0,12.0,0.0
191,TR,68735.0,23.0,148.0,171.0,4441.0,5059.0,4018.0,3974.0,2315.0,1886.0,0.0,13.0,213.0,228.0,2853.0,2018.0,965.0,651.0,589.0,966.0,0.0
192,TT,1359.0,0.0,5.0,12.0,103.0,196.0,246.0,219.0,156.0,99.0,0.0,1.0,1.0,11.0,67.0,95.0,66.0,61.0,45.0,65.0,0.0
193,TV,39.0,7.0,2.0,9.0,6.0,5.0,5.0,8.0,3.0,3.0,0.0,7.0,0.0,8.0,7.0,4.0,5.0,4.0,6.0,1.0,0.0
194,TZ,484758.0,0.0,0.0,2672.0,30906.0,66555.0,49588.0,28320.0,16754.0,12673.0,0.0,0.0,0.0,3512.0,27735.0,45979.0,24489.0,12640.0,7017.0,4110.0,0.0
195,UA,126737.0,6.0,17.0,137.0,8608.0,21579.0,30257.0,26176.0,13151.0,6609.0,0.0,4.0,40.0,252.0,5741.0,7930.0,6301.0,4039.0,2532.0,4876.0,0.0
196,UG,289507.0,0.0,269.0,4059.0,21808.0,52011.0,39996.0,20515.0,9851.0,6268.0,0.0,0.0,382.0,5445.0,23891.0,38520.0,21942.0,10615.0,4909.0,2638.0,0.0
197,US,101199.0,12.0,23.0,183.0,4985.0,8627.0,12200.0,12337.0,7999.0,10319.0,0.0,8.0,37.0,243.0,3574.0,5631.0,4979.0,3509.0,2487.0,5668.0,0.0
198,UY,5939.0,0.0,1.0,25.0,528.0,691.0,633.0,633.0,519.0,539.0,0.0,0.0,4.0,37.0,364.0,380.0,261.0,185.0,126.0,215.0,0.0
199,UZ,71815.0,12.0,60.0,133.0,4849.0,8865.0,6313.0,4311.0,2524.0,2314.0,0.0,9.0,120.0,255.0,4101.0,6395.0,3573.0,2422.0,1996.0,2560.0,0.0
200,VC,80.0,0.0,0.0,0.0,1.0,3.0,13.0,7.0,8.0,7.0,0.0,0.0,0.0,1.0,1.0,2.0,1.0,1.0,0.0,4.0,0.0
201,VE,54231.0,1.0,44.0,194.0,2774.0,3334.0,3299.0,3162.0,2160.0,2523.0,0.0,2.0,105.0,296.0,2466.0,2413.0,1774.0,1402.0,1111.0,1800.0,0.0
202,VG,4.0,0.0,0.0,0.0,0.0,0.0,0.0,1.0,1.0,0.0,0.0,0.0,0.0,0.0,0.0,1.0,0.0,0.0,0.0,1.0,0.0
203,VI,7.0,0.0,0.0,0.0,0.0,1.0,2.0,1.0,1.0,0.0,0.0,0.0,0.0,0.0,0.0,1.0,0.0,0.0,0.0,1.0,0.0
204,VN,743477.0,0.0,0.0,746.0,38342.0,87926.0,110064.0,96698.0,69225.0,96138.0,0.0,0.0,0.0,820.0,20195.0,31813.0,32836.0,31969.0,33367.0,59556.0,0.0
205,VU,709.0,0.0,1.0,12.0,60.0,54.0,43.0,59.0,42.0,21.0,0.0,0.0,4.0,16.0,68.0,76.0,41.0,34.0,21.0,16.0,0.0
206,WF,18.0,0.0,0.0,0.0,2.0,3.0,3.0,4.0,0.0,1.0,0.0,0.0,0.0,0.0,1.0,4.0,1.0,4.0,2.0,2.0,0.0
207,WS,197.0,0.0,0.0,2.0,21.0,14.0,6.0,6.0,13.0,14.0,0.0,1.0,0.0,2.0,23.0,19.0,12.0,6.0,7.0,6.0,0.0
208,YE,58909.0,0.0,0.0,1014.0,7417.0,8475.0,5093.0,3349.0,2209.0,1247.0,0.0,0.0,0.0,1349.0,7249.0,6464.0,4656.0,2999.0,1603.0,801.0,0.0
209,YU,12090.0,0.0,0.0,115.0,652.0,1095.0,1511.0,1465.0,1384.0,1592.0,0.0,0.0,0.0,116.0,670.0,841.0,725.0,523.0,717.0,1296.0,0.0
210,ZA,1289665.0,1339.0,3520.0,15319.0,70727.0,149236.0,138244.0,78964.0,29890.0,12539.0,0.0,1211.0,4915.0,18895.0,94464.0,135832.0,80548.0,37670.0,16951.0,10085.0,0.0
211,ZM,177329.0,0.0,0.0,2624.0,11618.0,28351.0,18568.0,6816.0,2652.0,2281.0,0.0,0.0,0.0,2669.0,12900.0,21579.0,11720.0,4465.0,1941.0,1323.0,0.0
212,ZW,190737.0,6.0,132.0,1201.0,4994.0,16852.0,13298.0,5859.0,2246.0,1755.0,0.0,7.0,178.0,1463.0,7021.0,15876.0,9640.0,3838.0,1389.0,1184.0,0.0
